,Segmentname,Segmentgruppe,Segment,Datenelement,Segment ID,Code,Qualifier,Beschreibung,Bedingungsausdruck,Bedingung
0,Nachrichten-Kopfsegment,,UNH,,00003,,,,Muss,
1,Nachrichten-Kopfsegment,,UNH,0062,00003,,,Nachrichten-Referenznummer,X,
2,Nachrichten-Kopfsegment,,UNH,0065,00003,UTILMD,,Netzanschluss- Stammdaten,X,
3,Nachrichten-Kopfsegment,,UNH,0052,00003,D,,Entwurfs-Version,X,
4,Nachrichten-Kopfsegment,,UNH,0054,00003,11A,,Ausgabe 2011 - A,X,
5,Nachrichten-Kopfsegment,,UNH,0051,00003,UN,,UN/CEFACT,X,
6,Nachrichten-Kopfsegment,,UNH,0057,00003,Versionsnummer der zugrundeliegenden BDEW- Nachrichtenbeschreibung,,S1.1a,X,
7,Beginn der Nachricht,,BGM,,00004,,,,Muss,
8,Beginn der Nachricht,,BGM,1001,00004,E01,,Anmeldungen,X,
9,Beginn der Nachricht,,BGM,1004,00004,,,Dokumentennummer,X,
10,Nachrichtendatum,,DTM,,00005,,,,Muss,
11,Nachrichtendatum,,DTM,2005,00005,137,,Dokumenten-/ Nachrichtendatum/-zeit,X,
12,Nachrichtendatum,,DTM,2380,00005,,,"Datum oder Uhrzeit oder Zeitspanne, Wert",X [931] [494],"[494] Das hier genannte Datum muss der Zeitpunkt sein, zu dem das Dokument erstellt wurde, oder ein Zeitpunkt, der davor liegt
[931] Format: ZZZ = +00"
13,Nachrichtendatum,,DTM,2379,00005,303,,CCYYMMDDHHMMZZZ,X,
14,MP-ID Absender,SG2,,,,,,,Muss,
15,MP-ID Absender,SG2,NAD,,00008,,,,Muss,
16,MP-ID Absender,SG2,NAD,3035,00008,MS,,Dokumenten-/ Nachrichtenaussteller bzw. -absender,X,
17,MP-ID Absender,SG2,NAD,3039,00008,,,MP-ID,X,
18,MP-ID Absender,SG2,NAD,3055,00008,9,,GS1,X,
19,MP-ID Absender,SG2,NAD,3055,,293,,"DE, BDEW (Bundesverband der Energie- und Wasserwirtschaft e.V.)",X,
20,Ansprechpartner,SG3,,,,,,,Kann,
21,Ansprechpartner,SG3,CTA,,00009,,,,Muss,
22,Ansprechpartner,SG3,CTA,3139,00009,IC,,Informationskontakt,X,
23,Ansprechpartner,SG3,CTA,3412,00009,,,Name vom Ansprechpartner,X,
24,Kommunikationsverbindung,SG3,COM,,00010,,,,Muss,
25,Kommunikationsverbindung,SG3,COM,3148,00010,,,Nummer / Adresse,X (([939] [321]) ∨ ([940] [322])) ∧ [514],"[321] Wenn im DE3155 in demselben COM der Code EM vorhanden ist
[322] Wenn im DE3155 in demselben COM der Code TE / FX / AJ / AL vorhanden ist
[514] Hinweis: Es darf nur eine Information im DE3148 übermittelt werden
[939] Format: Die Zeichenkette muss die Zeichen @ und . enthalten
[940] Format: Die Zeichenkette muss mit dem Zeichen + beginnen und danach dürfen nur noch Ziffern folgen"
26,Kommunikationsverbindung,SG3,COM,3155,00010,EM,,Elektronische Post,X [1P0..1],
27,Kommunikationsverbindung,SG3,COM,3155,,FX,,Telefax,X [1P0..1],
28,Kommunikationsverbindung,SG3,COM,3155,,TE,,Telefon,X [1P0..1],
29,Kommunikationsverbindung,SG3,COM,3155,,AJ,,weiteres Telefon,X [1P0..1],
30,Kommunikationsverbindung,SG3,COM,3155,,AL,,Handy,X [1P0..1],
31,MP-ID Empfänger,SG2,,,,,,,Muss,
32,MP-ID Empfänger,SG2,NAD,,00011,,,,Muss,
33,MP-ID Empfänger,SG2,NAD,3035,00011,MR,,Nachrichtenempfänger,X,
34,MP-ID Empfänger,SG2,NAD,3039,00011,,,MP-ID,X,
35,MP-ID Empfänger,SG2,NAD,3055,00011,9,,GS1,X,
36,MP-ID Empfänger,SG2,NAD,3055,,293,,"DE, BDEW (Bundesverband der Energie- und Wasserwirtschaft e.V.)",X,
37,Vorgang,SG4,,,,,,,Muss,
38,Vorgang,SG4,IDE,,00020,,,,Muss,
39,Vorgang,SG4,IDE,7495,00020,24,,Transaktion,X,
40,Vorgang,SG4,IDE,7402,00020,,,Vorgangsnummer,X,
41,Identifikationslogik,SG4,IMD,,00021,,,,Muss,
42,Identifikationslogik,SG4,IMD,7081,00021,Z36,,Identifikationslogik,X,
43,Identifikationslogik,SG4,IMD,7009,00021,Z12,,Marktlokations-ID,X [39P0..1],
44,Identifikationslogik,SG4,IMD,7009,,Z13,,Alle Identifikationsdaten,X [39P0..1] ⊻ [40P1..1],
45,Beginn zum,SG4,DTM,,00024,,,,Muss,
46,Beginn zum,SG4,DTM,2005,00024,92,,Datum Vertragsbeginn,X,
47,Beginn zum,SG4,DTM,2380,00024,,,"Datum oder Uhrzeit oder Zeitspanne, Wert",X [UB1],
48,Beginn zum,SG4,DTM,2379,00024,303,,CCYYMMDDHHMMZZZ,X,
49,Ende zum,SG4,DTM,,00025,,,,Muss [10],[10] Wenn SG4 STS+Z17 (Transaktionsgrund für befristete Anmeldung) vorhanden
50,Ende zum,SG4,DTM,2005,00025,93,,Datum Vertragsende,X,
51,Ende zum,SG4,DTM,2380,00025,,,"Datum oder Uhrzeit oder Zeitspanne, Wert",X [UB1],
52,Ende zum,SG4,DTM,2379,00025,303,,CCYYMMDDHHMMZZZ,X,
53,Transaktionsgrund,SG4,STS,,00037,,,,Muss [2061],[2061] Segment bzw. Segmentgruppe ist genau einmal je SG4 IDE (Vorgang) anzugeben
54,Transaktionsgrund,SG4,STS,9015,00037,7,,Transaktionsgrund,X,
55,Transaktionsgrund,SG4,STS,9013,00037,E01,,Ein-/Auszug (Umzug),X,
56,Transaktionsgrund,SG4,STS,9013,,E02,,Einzug in Neuanlage,X,
57,Transaktionsgrund,SG4,STS,9013,,E03,,Wechsel,X,
58,Transaktionsgrund,SG4,STS,9013,,ZD2,,Lieferbeginn und Abmeldung aus der Ersatzversorgung,X,
59,Transaktionsgrundergänzun g für Lieferende bei befristeter Anmeldung,SG4,STS,,00038,,,,Soll [37],[37] Wenn Anmeldung/ Änderung befristet
60,Transaktionsgrundergänzun g für Lieferende bei befristeter Anmeldung,SG4,STS,9015,00038,Z17,,Transaktionsgrundergänzung für befristete Anmeldung,X,
61,Transaktionsgrundergänzun g für Lieferende bei befristeter Anmeldung,SG4,STS,9013,00038,E01,,Ein-/Auszug (Umzug),X,
62,Transaktionsgrundergänzun g für Lieferende bei befristeter Anmeldung,SG4,STS,9013,,E03,,Wechsel,X,
63,Bemerkung (Feld für allgemeine Hinweise),SG4,FTX,,00043,,,,Kann,
64,Bemerkung (Feld für allgemeine Hinweise),SG4,FTX,4451,00043,ACB,,Zusätzliche Informationen (für allgemeine Hinweise),X,
65,Bemerkung (Feld für allgemeine Hinweise),SG4,FTX,4440,00043,,,Text für allgemeine Information,X,
66,Marktlokation,SG5,,,,,,,Muss [2061] ∧ [328] Soll [333] ∧ [165] ∧ [2061],"[165] Wenn bekannt
[328] Wenn IMD++Z36+Z12 (Identifikationslogik: Marktlokations-ID) vorhanden
[333] Wenn IMD+Z36+Z13 (Identifikationslogik: Alle Identifikationsdaten) vorhanden
[354] Wenn STS+E01++A01/ A03/ A17/ A18 nicht vorhanden
[2061] Segment bzw. Segmentgruppe ist genau einmal je SG4 IDE (Vorgang) anzugeben"
67,Marktlokation,SG5,LOC,,00051,,,,Muss,
68,Marktlokation,SG5,LOC,3227,00051,Z16,,Marktlokation,X,
69,Marktlokation,SG5,LOC,3225,00051,,,ID der Marktlokation,X [950],[950] Format: Marktlokations-ID
70,Messlokation,SG5,,,,,,,Soll [333] ∧ [165] ∧ [669],"[165] Wenn bekannt
[166] Wenn vorhanden
[333] Wenn IMD+Z36+Z13 (Identifikationslogik: Alle Identifikationsdaten) vorhanden
[527] Hinweis: Es sind alle Identifikatoren der Messlokationen anzugeben
[669] Hinweis: Es können mehrere Messlokationen angegeben werden"
71,Messlokation,SG5,LOC,,00055,,,,Muss,
72,Messlokation,SG5,LOC,3227,00055,Z17,,Messlokation,X,
73,Messlokation,SG5,LOC,3225,00055,,,ID der Messlokation,X [951],[951] Format: Zählpunktbezeichnung
74,Prüfidentifikator,SG6,,,,,,,Muss,
75,Prüfidentifikator,SG6,RFF,,00057,,,,Muss,
76,Prüfidentifikator,SG6,RFF,1153,00057,Z13,,Prüfidentifikator,X,
77,Prüfidentifikator,SG6,RFF,1154,00057,55001,,GPKE / Anmeldung NN,X,
78,Daten der Marktlokation,SG8,,,,,,,Muss [2061],"[25] Wenn SG5 LOC+Z16 (Marktlokation) vorhanden
[2061] Segment bzw. Segmentgruppe ist genau einmal je SG4 IDE (Vorgang) anzugeben"
79,Daten der Marktlokation,SG8,SEQ,,00103,,,,Muss,
80,Daten der Marktlokation,SG8,SEQ,1229,00103,Z01,,Daten der Marktlokation,X,
81,Arbeit / Leistung für tagesparameterabhängige Marktlokation,SG9,,,,,,,Kann,[101] Wenn SG10 CCI+++ZA6 (Prognosegrundlage der Marktlokation: Prognose auf Basis von Profilen) CAV+E14/ Z36 (TLP/ TEP/ TEP mit Ref.messung) in dieser SG8 vorhanden
82,Arbeit / Leistung für tagesparameterabhängige Marktlokation,SG9,QTY,,00105,,,,Muss,
83,Arbeit / Leistung für tagesparameterabhängige Marktlokation,SG9,QTY,6063,00105,265,,Veranschlagte Jahresmenge Gesamt/ Jahresverbrauchsprogno se für spezifische Arbeit für tagesparameterabhängig e Marktlokation,X,
84,Arbeit / Leistung für tagesparameterabhängige Marktlokation,SG9,QTY,6063,,Z08,,"Angepasste elektrische Arbeit nach Anhang D der VDN-Richtlinie ""Lastprofile für unterbrechbare Verbrauchseinrichtungen""",X,
85,Arbeit / Leistung für tagesparameterabhängige Marktlokation,SG9,QTY,6060,00105,,,Menge,X [902],[902] Format: Möglicher Wert: ≥ 0
86,Arbeit / Leistung für tagesparameterabhängige Marktlokation,SG9,QTY,6411,00105,Z16,,kWh/K (Kilowatt- Stunde/Kelvin),X [103],
87,Arbeit / Leistung für tagesparameterabhängige Marktlokation,SG9,QTY,6411,,KWH,,Kilowattstunde,X [104],"[103] Wenn SG9 QTY+265 (Arbeit / Leistung für tagesparameterabhängig e Marktlokation: Veranschlagte Jahresmenge Gesamt) in dieser SG8 vorhanden
[104] Wenn SG9 QTY+Z08 (Arbeit / Leistung für tagesparameterabhängig e Marktlokation: angepasste elektrische Arbeit nach Anhang D) in dieser SG8 vorhanden"
88,Veranschlagte Jahresmenge gesamt,SG9,,,,,,,Kann,[106] Wenn in dieser SG8 SEQ+Z01 SG10 CCI+++ZA6 (Prognosegrundlage der Marktlokation: Prognose auf Basis von Profilen) CAV+E02 (SLP/SEP) vorhanden
89,Veranschlagte Jahresmenge gesamt,SG9,QTY,,00106,,,,Muss,
90,Veranschlagte Jahresmenge gesamt,SG9,QTY,6063,00106,31,,Veranschlagte Jahresmenge Gesamt,X,
91,Veranschlagte Jahresmenge gesamt,SG9,QTY,6060,00106,,,Mengenangabe,X [902] ∧ [937],"[902] Format: Möglicher Wert: ≥ 0
[937] Format: keine Nachkommastelle"
92,Veranschlagte Jahresmenge gesamt,SG9,QTY,6411,00106,KWH,,Kilowattstunde,X,
93,Lieferrichtung,SG10,,,,,,,Muss,
94,Lieferrichtung,SG10,CCI,,00110,,,,Muss,
95,Lieferrichtung,SG10,CCI,7059,00110,Z30,,Lieferrichtung,X,
96,Lieferrichtung,SG10,CCI,7037,00110,Z07,,Verbrauch,X,
97,Bilanzkreis,SG10,,,,,,,Muss [2061],"[64] Wenn SG4 DTM+158 (Bilanzierungsbeginn) vorhanden
[2061] Segment bzw. Segmentgruppe ist genau einmal je SG4 IDE (Vorgang) anzugeben"
98,Bilanzkreis,SG10,CCI,,00117,,,,Muss,
99,Bilanzkreis,SG10,CCI,7059,00117,Z19,,Bilanzkreis,X,
100,Bilanzkreis,SG10,CCI,7037,00117,,,Bilanzkreis,X,
101,Gruppenzuordnung (nach EnWG) ,SG10,,,,,,,Muss,
102,Gruppenzuordnung (nach EnWG) ,SG10,CCI,,00139,,,,Muss,
103,Gruppenzuordnung (nach EnWG) ,SG10,CCI,7037,00139,Z15,,Haushaltskunde gem. EnWG,X,
104,Gruppenzuordnung (nach EnWG) ,SG10,CCI,7037,,Z18,,Kein Haushaltskunde gem. EnWG,X,
105,Netznutzung,SG10,,,,,,,Muss,
106,Netznutzung,SG10,CCI,,00140,,,,Muss,
107,Netznutzung,SG10,CCI,7037,00140,Z88,,Netznutzung,X,
108,Netznutzungsvertrag,SG10,CAV,,00141,,,,Muss,
109,Netznutzungsvertrag,SG10,CAV,7111,00141,Z74,,Netznutzungsvertrag,X,
110,Netznutzungsvertrag,SG10,CAV,7110,00141,Z08,,Direkter Vertrag zwischen Kunden und NB,X,
111,Netznutzungsvertrag,SG10,CAV,7110,,Z09,,Vertrag zwischen Lieferanten und NB,X,
112,Zahlung der Netznutzung,SG10,CAV,,00142,,,,Muss,
113,Zahlung der Netznutzung,SG10,CAV,7111,00142,Z73,,Zahlung der Netznutzung,X,
114,Zahlung der Netznutzung,SG10,CAV,7110,00142,Z10,,Kunde,X [216],
115,Zahlung der Netznutzung,SG10,CAV,7110,,Z11,,Lieferant,X,[216] Wenn CCI+++Z88 (Netznutzung) CAV+Z74:::Z08 (Netznutzungsvertrag: Direkter Vertrag zwischen Kunden und NB) vorhanden
116,Konzessionsabgabedaten,SG8,,,,,,,Soll [127],"[127] Hat der Lieferant auf Grund seines Vertrags Kenntnis, dass der Kunde keine hohe KA hat so muss er dies dem NB mitteilen"
117,Konzessionsabgabedaten,SG8,SEQ,,00229,,,,Muss,
118,Konzessionsabgabedaten,SG8,SEQ,1229,00229,Z07,,Konzessionsabgabedaten,X,
119,Zuordnung Konzessionsabgabe,SG10,,,,,,,Muss,
120,Zuordnung Konzessionsabgabe,SG10,CCI,,00231,,,,Muss,
121,Zuordnung Konzessionsabgabe,SG10,CCI,7037,00231,Z08,,Konzessionsabgabe,X,
122,Konzessionsabgabe,SG10,CAV,,00232,,,,Muss,
123,Konzessionsabgabe,SG10,CAV,7111,00232,KAS,,"für alle konzessionsvertraglichen Sonderregelungen, die nicht in die Systematik der KAV eingegliedert sind",X,
124,Konzessionsabgabe,SG10,CAV,7111,,SA,,"Sondervertragskunden < 1 kV nach § 2 (7) und > 1 kV, Preis nach § 2 (3) (für Strom 0,11 ct/kWh und für Gas 0,03 ct/kWh)",X,
125,Konzessionsabgabe,SG10,CAV,7111,,SAS,,"Kennzeichnung, dass ein abweichender Preis für Sondervertragskunden vorliegt",X,
126,Konzessionsabgabe,SG10,CAV,7111,,TAS,,"Kennzeichnung, dass ein abweichender Preis für Tarifkunden vorliegt",X,
127,Konzessionsabgabe,SG10,CAV,7111,,TKS,,"Kennzeichnung, wenn nach KAV § 2 (2) 2a ein anderer Preis zu verwenden ist",X,
128,Konzessionsabgabe,SG10,CAV,7111,,TS,,"für Strom mit Schwachlast § 2. (2) 1a NT (niedrige KA, 0,61 ct/kWh)",X,
129,Konzessionsabgabe,SG10,CAV,7111,,TSS,,"Kennzeichnung, dass ein abweichender Preis für Schwachlast angewendet wird",X,
130,Konzessionsabgabe,SG10,CAV,7110,00232,,,Konzessionsabgabe in Euro/kWh,Soll [912] ∧ [914] ∧ [902] [129] ,"[129] Hat der Lieferant auf Grund seines Vertrags Kenntnis über die Höhe der Sonder-KA, so muss er diesen dem NB mitteilen
[902] Format: Möglicher Wert: ≥ 0
[912] Format: max. 6 Nachkommastellen
[914] Format: Möglicher Wert: > 0"
131,Konzessionsabgabe,SG10,CAV,7110,00232,,,Gebührenkategorie der Konzessionsabgabe,Kann,
132,Steuer-/ Abgabeninformation,SG8,,,,,,,Kann,
133,Steuer-/ Abgabeninformation,SG8,SEQ,,00233,,,,Muss,
134,Steuer-/ Abgabeninformation,SG8,SEQ,1229,00233,Z10,,Steuer-/ Abgabeninformation,X,
135,Steuern-/Abgabenbefreiung,SG10,,,,,,,Muss,
136,Steuern-/Abgabenbefreiung,SG10,CCI,,00235,,,,Muss,
137,Steuern-/Abgabenbefreiung,SG10,CCI,7059,00235,Z13,,Steuerinformation,X,
138,Steuern-/Abgabenbefreiung,SG10,CCI,7037,00235,Z65,,Stromsteuer befreit,X,
139,Steuern-/Abgabenbefreiung,SG10,CCI,7037,,Z66,,Stromsteuer pflichtig,X,
140,Gemeinderabatt,SG8,,,,,,,Muss,
141,Gemeinderabatt,SG8,SEQ,,00236,,,,Muss,
142,Gemeinderabatt,SG8,SEQ,1229,00236,Z12,,Gemeinderabatt,X,
143,Gemeinderabatt,SG9,,,,,,,Muss,
144,Gemeinderabatt,SG9,QTY,,00237,,,,Muss,
145,Gemeinderabatt,SG9,QTY,6063,00237,Z16,,Gemeinderabatt,X,
146,Gemeinderabatt,SG9,QTY,6060,00237,,,Menge,X [902] ∧ [930] ∧ [938],"[902] Format: Möglicher Wert: ≥ 0
[930] Format: max. 2 Nachkommastellen
[938] Format: Möglicher Wert: <= 10"
147,Gemeinderabatt,SG9,QTY,6411,00237,P1,,Prozent,X,
148,Zähleinrichtungsdaten,SG8,,,,,,,Kann,[2286] Für jede SEQ+Z18 (Daten der Messlokation) mindestens einmal anzugeben
149,Zähleinrichtungsdaten,SG8,SEQ,,00326,,,,Muss,
150,Zähleinrichtungsdaten,SG8,SEQ,1229,00326,Z03,,Zähleinrichtungsdaten,X,
151,Zählertyp,SG10,,,,,,,Muss,
152,Zählertyp,SG10,CCI,,00329,,,,Muss,
153,Zählertyp,SG10,CCI,7037,00329,E13,,Zählertyp,X,
154,Identifikation / Nummer des Gerätes,SG10,CAV,,00331,,,,Muss,
155,Identifikation / Nummer des Gerätes,SG10,CAV,7111,00331,Z30,,Gerätenummer,X,
156,Identifikation / Nummer des Gerätes,SG10,CAV,7110,00331,,,Gerätenummer,X,
157,Profildaten,SG8,,,,,,,Kann,[119] Wenn in der SG8 SEQ+Z01 SG10 CCI+++ZA6 (Prognosegrundlage der Marktlokation: Prognose auf Basis von Profilen) CAV+E02 (SLP/SEP) vorhanden
158,Profildaten,SG8,SEQ,,00376,,,,Muss,
159,Profildaten,SG8,SEQ,1229,00376,Z21,,Profildaten,X,
160,Normiertes Profil,SG10,,,,,,,Muss,
161,Normiertes Profil,SG10,CCI,,00380,,,,Muss,
162,Normiertes Profil,SG10,CCI,7059,00380,Z02,,Standardlastprofil,X,
163,Normiertes Profil,SG10,CCI,7037,00380,E01,,synthetisches Verfahren,X,
164,Normiertes Profil,SG10,CCI,7037,,Z10,,analytisches Verfahren,X,[332] Wenn im SG8 SEQ+Z01 (Daten der Marktlokation) das SG10 CCI+6++ZA9 (Aggreg. verantw. ÜNB) nicht vorhanden
165,Normiertes Profil,SG10,CAV,,00381,,,,Muss,
166,Normiertes Profil,SG10,CAV,7111,00381,,,Code des Normierten Profils,X,
167,Profilschardaten,SG8,,,,,,,Kann,[89] Wenn im SG8 SEQ+Z01 (Daten der Marktlokation) das SG10 CCI+++ZA6 (Prognosegrundlage der Marktlokation: Prognose auf Basis von Profilen) CAV+E14 (TLP/TEP) vorhanden
168,Profilschardaten,SG8,SEQ,,00387,,,,Muss,
169,Profilschardaten,SG8,SEQ,1229,00387,Z08,,Profilschardaten,X,
170,Profilschar,SG10,,,,,,,Muss,
171,Profilschar,SG10,CCI,,00397,,,,Muss,
172,Profilschar,SG10,CCI,7037,00397,Z12,,Profilschar,X,
173,Profilschar,SG10,CAV,,00398,,,,Muss,
174,Profilschar,SG10,CAV,7111,00398,,,Code der Profilschar,X,
175,Normiertes Profil,SG10,,,,,,,Muss,
176,Normiertes Profil,SG10,CCI,,00399,,,,Muss,
177,Normiertes Profil,SG10,CCI,7059,00399,Z03,,tagesparameterabhängig es Lastprofil,X,
178,Normiertes Profil,SG10,CCI,7037,00399,E01,,synthetisches Verfahren,X,
179,Normiertes Profil,SG10,CCI,7037,,Z10,,analytisches Verfahren,X,
180,Normiertes Profil,SG10,CAV,,00400,,,,Muss,
181,Normiertes Profil,SG10,CAV,7111,00400,,,Code des Normierten Profils,X,
182,Daten des Kunden des Lieferanten,SG8,,,,,,,Muss,
183,Daten des Kunden des Lieferanten,SG8,SEQ,,00515,,,,Muss,
184,Daten des Kunden des Lieferanten,SG8,SEQ,1229,00515,Z75,,Daten des Kunden des Lieferanten,X,
185,Grundlage zur Verringerung der Umlagen nach EnFG,SG10,,,,,,,Muss,
186,Grundlage zur Verringerung der Umlagen nach EnFG,SG10,CCI,,00516,,,,Muss,
187,Grundlage zur Verringerung der Umlagen nach EnFG,SG10,CCI,7059,00516,Z61,,Grundlage zur Verringerung der Umlagen nach EnFG,X,
188,Grundlage zur Verringerung der Umlagen nach EnFG,SG10,CCI,7037,00516,ZF9,,Kunde erfüllt die Voraussetzung nach EnFG,X,
189,Grundlage zur Verringerung der Umlagen nach EnFG,SG10,CCI,7037,,ZG0,,Kunde erfüllt nicht die Voraussetzung nach EnFG,X,
190,Grundlage zur Verringerung der Umlagen nach EnFG,SG10,CCI,7037,,ZG1,,"Keine Angabe, da Marktlokation die Voraussetzung zur Verringerung der Umlagen nach EnFG nicht erfüllt",X,
191,Grund der Privilegierung nach EnFG,SG10,CAV,,00517,,,,Muss [463],[463] Wenn in derselben SG10 das CCI+Z61++ZF9 (Kunde erfüllt die Voraussetzung nach EnFG) vorhanden
192,Grund der Privilegierung nach EnFG,SG10,CAV,7111,00517,ZU5,,§ 21 EnFG Stromspeicher und Verlustenergie,X [1P0..1],
193,Grund der Privilegierung nach EnFG,SG10,CAV,7111,,ZU6,,§ 22 EnFG elektrisch angetriebene Wärmepumpen,X [1P0..1],
194,Grund der Privilegierung nach EnFG,SG10,CAV,7111,,ZU7,,§ 23 EnFG Umlageerhebung bei Anlagen zur Verstromung von Kuppelgasen,X [1P0..1],
195,Grund der Privilegierung nach EnFG,SG10,CAV,7111,,ZU8,,§ 24 EnFG Herstellung von Grünen Wasserstoff,X [1P0..1],
196,Grund der Privilegierung nach EnFG,SG10,CAV,7111,,ZU9,,§§ 30 - 35 EnFG stromkostenintensive Unternehmen,X [1P0..1],
197,Grund der Privilegierung nach EnFG,SG10,CAV,7111,,ZV0,,§ 36 EnFG Herstellung von Wasserstoff in stromkostenintensiven Unternehmen,X [1P0..1],
198,Grund der Privilegierung nach EnFG,SG10,CAV,7111,,ZV1,,§ 37 EnFG Schienenbahnen,X [1P0..1],
199,Grund der Privilegierung nach EnFG,SG10,CAV,7111,,ZV2,,§ 38 EnFG elektrische betriebene Bussen im Linienverkehr,X [1P0..1],
200,Grund der Privilegierung nach EnFG,SG10,CAV,7111,,ZV3,,§ 39 EnFG Landstromanlagen,X [1P0..1],
201,Kunde des Lieferanten,SG12,,,,,,,Muss,[572] Hinweis: Kundenname aus Anmeldung Lieferant neu
202,Kunde des Lieferanten,SG12,NAD,,00518,,,,Muss,
203,Kunde des Lieferanten,SG12,NAD,3035,00518,Z09,,Kunde des LF,X,
204,Kunde des Lieferanten,SG12,NAD,3036,00518,,,Name,X,
205,Kunde des Lieferanten,SG12,NAD,3045,00518,Z01,,Struktur von Personennamen,X,
206,Kunde des Lieferanten,SG12,NAD,3045,,Z02,,Struktur der Firmenbezeichnung,X,
207,Kundennummer beim Lieferanten,SG12,RFF,,00519,,,,Kann,[147] Wenn in Anfrage vorhanden
208,Kundennummer beim Lieferanten,SG12,RFF,1153,00519,AVC,,Kundennummer beim Lieferanten,X,
209,Kundennummer beim Lieferanten,SG12,RFF,1154,00519,,,Kundennummer beim LF,X,
210,Kundennummer beim Altlieferant,SG12,RFF,,00520,,,,Soll [165] ∧ [333],"[165] Wenn bekannt
[333] Wenn IMD+Z36+Z13 (Identifikationslogik: Alle Identifikationsdaten) vorhanden"
211,Kundennummer beim Altlieferant,SG12,RFF,1153,00520,Z01,,Kundennummer beim Altlieferanten,X,
212,Kundennummer beim Altlieferant,SG12,RFF,1154,00520,,,Kundennummer beim LFA,X,
213,Korrespondenzanschrift des Kunden des Lieferanten,SG12,,,,,,,Muss [556] ∧ [559],"[556] Hinweis: Wenn keine Korrespondenzanschrift des Endverbrauchers/ Kunden vorliegt, ist die Anschrift der Marktlokation zu übermitteln
[559] Hinweis: Die Korrespondenzanschrift des Endverbrauchers/ Kunden wird nicht zur Identifikation genutzt"
214,Korrespondenzanschrift des Kunden des Lieferanten,SG12,NAD,,00522,,,,Muss,
215,Korrespondenzanschrift des Kunden des Lieferanten,SG12,NAD,3035,00522,Z04,,Korrespondenzanschrift des Kunden des LF,X,
216,Korrespondenzanschrift des Kunden des Lieferanten,SG12,NAD,3036,00522,,,Name,X,
217,Korrespondenzanschrift des Kunden des Lieferanten,SG12,NAD,3045,00522,Z01,,Struktur von Personennamen,X,
218,Korrespondenzanschrift des Kunden des Lieferanten,SG12,NAD,3045,,Z02,,Struktur der Firmenbezeichnung,X,
219,Korrespondenzanschrift des Kunden des Lieferanten,SG12,NAD,3042,00522,,,Straße und Hausnummer oder Postfach,X,
220,Korrespondenzanschrift des Kunden des Lieferanten,SG12,NAD,3164,00522,,,Ort,X,
221,Korrespondenzanschrift des Kunden des Lieferanten,SG12,NAD,3251,00522,,,Postleitzahl,M [268] S [166],"[166] Wenn vorhanden
[268] Wenn der Code im DE3207 in der ""EDI@Energy Codeliste der europäischen Ländercodes"" in der Spalte ""PLZ vorhanden"" ein ""X"" aufgeführt ist"
222,Korrespondenzanschrift des Kunden des Lieferanten,SG12,NAD,3207,00522,,,"Ländername, Code",X,
223,Marktlokationsanschrift,SG12,,,,,,,Soll [165] ∧ [333],"[165] Wenn bekannt
[333] Wenn IMD+Z36+Z13 (Identifikationslogik: Alle Identifikationsdaten) vorhanden"
224,Marktlokationsanschrift,SG12,NAD,,00535,,,,Muss,
225,Marktlokationsanschrift,SG12,NAD,3035,00535,DP,,Lieferanschrift,X,
226,Marktlokationsanschrift,SG12,NAD,3124,00535,,,Zusatzinformation zur Identifizierung,K,
227,Marktlokationsanschrift,SG12,NAD,3042,00535,,,Straße und Hausnummer oder Postfach,S [165] M [212],"[165] Wenn bekannt
[166] Wenn vorhanden
[212] Wenn im selben SG12 NAD DE3124 nicht vorhanden"
228,Marktlokationsanschrift,SG12,NAD,3164,00535,,,Ort,X,
229,Marktlokationsanschrift,SG12,NAD,3251,00535,,,Postleitzahl,X,
230,Marktlokationsanschrift,SG12,NAD,3207,00535,,,"Ländername, Code",X,
231,Name und Adresse für die Ablesekarte,SG12,,,,,,,Muss [560],"[234] Wenn SG10 CCI+++Z83 (Messtechnische Einordnung der Marktlokation) CAV+Z53 (kME/ mME) vorhanden
[560] Hinweis: Die Angabe Name und Adresse für die Ablesekarte wird nicht zur Identifikation genutzt"
232,Name und Adresse für die Ablesekarte,SG12,NAD,,00538,,,,Muss,
233,Name und Adresse für die Ablesekarte,SG12,NAD,3035,00538,Z05,,Name und Adresse für die Ablesekarte,X,
234,Name und Adresse für die Ablesekarte,SG12,NAD,3036,00538,,,Name,X,
235,Name und Adresse für die Ablesekarte,SG12,NAD,3045,00538,Z01,,Struktur von Personennamen,X,
236,Name und Adresse für die Ablesekarte,SG12,NAD,3045,,Z02,,Struktur der Firmenbezeichnung,X,
237,Name und Adresse für die Ablesekarte,SG12,NAD,3042,00538,,,Straße und Hausnummer oder Postfach,X,
238,Name und Adresse für die Ablesekarte,SG12,NAD,3164,00538,,,Ort,X,
239,Name und Adresse für die Ablesekarte,SG12,NAD,3251,00538,,,Postleitzahl,M [268] S [166],"[166] Wenn vorhanden
[268] Wenn der Code im DE3207 in der ""EDI@Energy Codeliste der europäischen Ländercodes"" in der Spalte ""PLZ vorhanden"" ein ""X"" aufgeführt ist"
240,Name und Adresse für die Ablesekarte,SG12,NAD,3207,00538,,,"Ländername, Code",X,
241,Referenz auf die ID einer Messlokation,SG12,RFF,,00539,,,,Kann,
242,Referenz auf die ID einer Messlokation,SG12,RFF,1153,00539,Z19,,Messlokation,X,
243,Referenz auf die ID einer Messlokation,SG12,RFF,1154,00539,,,ID einer Messlokation,X [951],[951] Format: Zählpunktbezeichnung
244,Nachrichten-Endesegment,,UNT,,00540,,,,Muss,
245,Nachrichten-Endesegment,,UNT,0074,00540,,,Anzahl der Segmente in einer Nachricht,X,
246,Nachrichten-Endesegment,,UNT,0062,00540,,,Nachrichten-Referenznummer,X,
